<?xml version="1.0" encoding="UTF-8"?>
<config xmlns="http://www.knime.org/2008/09/XMLConfig" xmlns:xsi="http://www.w3.org/2001/XMLSchema-instance" xsi:schemaLocation="http://www.knime.org/2008/09/XMLConfig http://www.knime.org/XMLConfig_2008_09.xsd" key="model.xml">
    <entry key="version" type="xint" value="1"/>
    <entry key="class_name" type="xstring" value="org.knime.base.data.normalize.NormalizerPortObject"/>
    <config key="model">
        <config key="columns">
            <config key="area A">
                <entry key="column_name" type="xstring" value="area A"/>
                <entry key="column_scale" type="xdouble" value="0.09442870632672333"/>
                <entry key="column_translate" type="xdouble" value="-1.0"/>
                <entry key="column_min" type="xdouble" value="0.0"/>
                <entry key="column_max" type="xdouble" value="1.0"/>
            </config>
            <config key="perimeter P">
                <entry key="column_name" type="xstring" value="perimeter P"/>
                <entry key="column_scale" type="xdouble" value="0.2066115702479339"/>
                <entry key="column_translate" type="xdouble" value="-2.56404958677686"/>
                <entry key="column_min" type="xdouble" value="0.0"/>
                <entry key="column_max" type="xdouble" value="1.0"/>
            </config>
            <config key="compactness">
                <entry key="column_name" type="xstring" value="compactness"/>
                <entry key="column_scale" type="xdouble" value="0.0011059599184642108"/>
                <entry key="column_translate" type="xdouble" value="-8.937262101109288E-4"/>
                <entry key="column_min" type="xdouble" value="0.0"/>
                <entry key="column_max" type="xdouble" value="1.0"/>
            </config>
            <config key="length of kernel">
                <entry key="column_name" type="xstring" value="length of kernel"/>
                <entry key="column_scale" type="xdouble" value="1.498311156105728E-4"/>
                <entry key="column_translate" type="xdouble" value="-1.2269670057349805E-4"/>
                <entry key="column_min" type="xdouble" value="0.0"/>
                <entry key="column_max" type="xdouble" value="1.0"/>
            </config>
            <config key="width of kernel">
                <entry key="column_name" type="xstring" value="width of kernel"/>
                <entry key="column_scale" type="xdouble" value="1.8788622361842563E-4"/>
                <entry key="column_translate" type="xdouble" value="-4.941407681164593E-4"/>
                <entry key="column_min" type="xdouble" value="0.0"/>
                <entry key="column_max" type="xdouble" value="1.0"/>
            </config>
            <config key="asymmetry coefficient">
                <entry key="column_name" type="xstring" value="asymmetry coefficient"/>
                <entry key="column_scale" type="xdouble" value="1.1826992529799498E-4"/>
                <entry key="column_translate" type="xdouble" value="-9.048831984549596E-5"/>
                <entry key="column_min" type="xdouble" value="0.0"/>
                <entry key="column_max" type="xdouble" value="1.0"/>
            </config>
            <config key="length of kernel groove">
                <entry key="column_name" type="xstring" value="length of kernel groove"/>
                <entry key="column_scale" type="xdouble" value="1.4858465685116423E-4"/>
                <entry key="column_translate" type="xdouble" value="-7.176638925911232E-4"/>
                <entry key="column_min" type="xdouble" value="0.0"/>
                <entry key="column_max" type="xdouble" value="1.0"/>
            </config>
        </config>
        <entry key="summary" type="xstring" value="Min/Max (0.0, 1) normalization on 7 column(s)"/>
    </config>
</config>
